TITLE,OWNER,ID,TYPE,AUTHORITATIVE,TAGS,ACCESS,SHARED_WITH_ORG,SHARED_WITH_EVERYONE,SHARED_WITH_GROUPS,VIEWS,CREATED,HOMEPAGE,THUMBNAIL,DESCRIPTION,SIZE
imv_boundary,noura001,530b77e02f24481da8bd14875ceb857d,Web Map,,'imv_boundary',private,False,False,,0,05/08/2020,https://census-portal.geo.census.gov/arcgis/home/item.html?id=530b77e02f24481da8bd14875ceb857d,thumbnail/ago_downloaded.png,,0.000614
state_bnd,noura001,ddd0463869c846e19f17b5ad05f91432,Shapefile,,'state_bnd',private,False,False,,1,05/07/2020,https://census-portal.geo.census.gov/arcgis/home/item.html?id=ddd0463869c846e19f17b5ad05f91432,,,8.986049999999999
imv_gdb,noura001,fa7afcf0903c4e07b679557f5a1fe043,Feature Service,,'imv_gdb',private,False,False,,10,05/11/2020,https://census-portal.geo.census.gov/arcgis/home/item.html?id=fa7afcf0903c4e07b679557f5a1fe043,thumbnail/ago_downloaded.png,,11.435908999999999
2020 Total Population,noura001,a694b5246a1b4408a8a99c37846eb22d,Web Map,,'2020 Total Population',private,False,False,,3,05/08/2020,https://census-portal.geo.census.gov/arcgis/home/item.html?id=a694b5246a1b4408a8a99c37846eb22d,,,0.003197
Countries_clean_gen_2019,noura001,c197c96aaf064cf7977e70d0a12cecba,Shapefile,,'Countries_clean_gen_2019',private,False,False,,1,05/11/2020,https://census-portal.geo.census.gov/arcgis/home/item.html?id=c197c96aaf064cf7977e70d0a12cecba,,,8.730699000000001
"Week 1, Job Loss Rate",noura001,1336c282b7cf42ae98f7220c785e55ce,Web Map,,"'Week 1', 'Job Loss Rate'",private,False,False,,0,05/14/2020,https://census-portal.geo.census.gov/arcgis/home/item.html?id=1336c282b7cf42ae98f7220c785e55ce,thumbnail/ago_downloaded.png,,0.008987
Mental Health Rate,noura001,d584242446cd463cb650f73f7d9e4a75,Web Map,,'Mental Health Rate',private,False,False,,0,05/14/2020,https://census-portal.geo.census.gov/arcgis/home/item.html?id=d584242446cd463cb650f73f7d9e4a75,thumbnail/ago_downloaded.png,,0.009016
Covid-19 Nursing Home Hot Spots,reid0003,a0f81b5a432e4c3593c01e0262996519,Web Map,,'Covid-19 Nursing Homes',private,False,False,,5,05/13/2020,https://census-portal.geo.census.gov/arcgis/home/item.html?id=a0f81b5a432e4c3593c01e0262996519,thumbnail/ago_downloaded.png,,0.019850000000000003
fealayer,li000341,66374769ec6149f4a69d94c674676901,Feature Service,,'li_test',private,False,False,,0,05/28/2020,https://census-portal.geo.census.gov/arcgis/home/item.html?id=66374769ec6149f4a69d94c674676901,thumbnail/thumbnail.JPEG,,0.0
SSFA April 2020 Workloads,hollo330,8f345906a7984bcda4b57029158b0048,Feature Service,,"'ssfa', 'workload', 'current surveys', 'hollowood_export'",private,False,False,,0,05/28/2020,https://census-portal.geo.census.gov/arcgis/home/item.html?id=8f345906a7984bcda4b57029158b0048,thumbnail/thumbnail.JPEG,,0.0
FSA CS Workload 202003,hollo330,23fadfe5051c417e8c1b9b1615a29ce1,Feature Service,,"'fsa', 'current surveys', 'workload', 'hollowood_export'",private,False,False,,0,05/28/2020,https://census-portal.geo.census.gov/arcgis/home/item.html?id=23fadfe5051c417e8c1b9b1615a29ce1,thumbnail/thumbnail.JPEG,,0.0
HHP State,noura001,36d1d70cdc1649eeb1fc8461804c9037,Map Service,,'Household Pulse Survey 2020',public,True,True,"'DSD-DIS', 'Favorites - Mehrshad Nourani'",58,05/27/2020,https://census-portal.geo.census.gov/arcgis/home/item.html?id=36d1d70cdc1649eeb1fc8461804c9037,thumbnail/ago_downloaded.png,Household Pulse Survey,6.900000000000001e-05
Mapping for Field Collection Operations,hollo330,819ce90783e7455189ef28bcd79647c5,Web Mapping Application,,"'aco', 'cfm', 'cfs', 'lrs', 'roam', 'hollowood_export', 'export1589809740'",private,False,False,,7,05/18/2020,https://census-portal.geo.census.gov/arcgis/home/item.html?id=819ce90783e7455189ef28bcd79647c5,,,0.022855
Household Pulse Survey by State and Metro-Micro Area,noura001,77f9fc74c9fd4d1298942982628a1132,Web Mapping Application,,'HHP CBSA State Week',public,True,True,'DSD-DIS',14,05/28/2020,https://census-portal.geo.census.gov/arcgis/home/item.html?id=77f9fc74c9fd4d1298942982628a1132,thumbnail/ago_downloaded.png,,0.004476
CBSA options,fosto001,fd5d34e505db4b90b6141647e83ed4c1,Web Mapping Application,,'cbsa',shared,False,False,'DSD-DIS',107,05/28/2020,https://census-portal.geo.census.gov/arcgis/home/item.html?id=fd5d34e505db4b90b6141647e83ed4c1,thumbnail/ago_downloaded.png,,0.001917
CV Mapping for Field Ops,hollo330,8a45640c0a9e4bad905084053b9441a1,Web Map,,"'aco', 'cfm', 'cfs', 'lrs', 'roam', 'hollowood_export', 'export1589809740'",private,False,False,,16,05/18/2020,https://census-portal.geo.census.gov/arcgis/home/item.html?id=8a45640c0a9e4bad905084053b9441a1,,,0.023985
8th Floor Layout,noura001,fb252395ae4b45cbbe712e9866a3e6ad,Feature Service,,'mehrshad_8thFl_19',private,False,False,,3,06/11/2020,https://census-portal.geo.census.gov/arcgis/home/item.html?id=fb252395ae4b45cbbe712e9866a3e6ad,thumbnail/ago_downloaded.png,,1.01586
6th Floor Offices,noura001,6b6ddf68c8ce45c8af4dfbfc68164e53,Web Map,,"'mehrshad_6thFlr_19', 'export1591968856'",private,False,False,,1,06/12/2020,https://census-portal.geo.census.gov/arcgis/home/item.html?id=6b6ddf68c8ce45c8af4dfbfc68164e53,,,0.047163
2019 Infant Mortality Rate,noura001,61b7a04ec5fb488ebf51ed7946d3befb,Web Map,,"'mehrshad_imv', 'export1591969148'",private,False,False,,1,06/12/2020,https://census-portal.geo.census.gov/arcgis/home/item.html?id=61b7a04ec5fb488ebf51ed7946d3befb,,,0.003662
2019 Growth Rate Percent,noura001,6bc7021939e64e38bc36aa476ceadcdf,Web Map,,"'mehrshad_imv', 'export1591969148'",private,False,False,,1,06/12/2020,https://census-portal.geo.census.gov/arcgis/home/item.html?id=6bc7021939e64e38bc36aa476ceadcdf,,,0.003713
HIV Prevalence 2018,noura001,d7bd6b1f7eeb4a828e6a593da27a8974,Web Map,,"'mehrshad_hiv', 'export1591969298'",private,False,False,,1,06/12/2020,https://census-portal.geo.census.gov/arcgis/home/item.html?id=d7bd6b1f7eeb4a828e6a593da27a8974,,,0.002969
6th Floor Layout,noura001,74ea9bc2a3ad4b6bb622e7d6310b8818,Feature Service,,'mehrshad_6thFlr_19',private,False,False,,4,06/11/2020,https://census-portal.geo.census.gov/arcgis/home/item.html?id=74ea9bc2a3ad4b6bb622e7d6310b8818,thumbnail/ago_downloaded.png,,0.6602319999999999
"HIV AIDS Cases, 2018",noura001,553c46fbbe6b4b6ca24f56e90c02c417,Web Map,,"'mehrshad_hiv', 'export1591969298'",private,False,False,,4,06/12/2020,https://census-portal.geo.census.gov/arcgis/home/item.html?id=553c46fbbe6b4b6ca24f56e90c02c417,,,0.0029620000000000002
"DSD 7th Floor, 2020",noura001,fec71717937946e18cf247f026cb72ca,Web Map,,"'mehrshad_7thFl_19', 'export1591968620'",public,True,True,'DSD-DIS',9,06/12/2020,https://census-portal.geo.census.gov/arcgis/home/item.html?id=fec71717937946e18cf247f026cb72ca,,,0.019376
7th Floor Layout,noura001,29751ae3d756427a964f618f8aa1b4ad,Feature Service,,'mehrshad_7thFl_19',public,True,True,'DSD-DIS',10,06/11/2020,https://census-portal.geo.census.gov/arcgis/home/item.html?id=29751ae3d756427a964f618f8aa1b4ad,thumbnail/thumbnail1591972705130.png,,0.723234
Fire Monitor (point id 2),noura001,3412ae15c7b340b69cc457526b44ca91,Feature Service,,'mehrshad_7thFl_19',public,True,True,'DSD-DIS',5,06/11/2020,https://census-portal.geo.census.gov/arcgis/home/item.html?id=3412ae15c7b340b69cc457526b44ca91,thumbnail/thumbnail1591972651035.png,,0.02465
ds_test_dashboard,shaw0358,24eeac0e72e449cb92e3316579c2a528,Dashboard,,"'ds', 'test', 'dashboard'",private,False,False,,3,06/15/2020,https://census-portal.geo.census.gov/arcgis/home/item.html?id=24eeac0e72e449cb92e3316579c2a528,thumbnail/ago_downloaded.png,,0.0
International Map Viewer,noura001,57de096b27f04c6ba79317d38c1349b2,Web Mapping Application,,'International Map Viewer',private,False,False,,4,05/19/2020,https://census-portal.geo.census.gov/arcgis/home/item.html?id=57de096b27f04c6ba79317d38c1349b2,thumbnail/ago_downloaded.jpg,,0.0029649999999999998
Server and Service Request Rates,haile006,46a01f88c9874b05945320dffc830dd4,Dashboard,,"'items', 'audit', 'request', 'server request'",shared,False,False,'Esri On-Site Team',26,06/12/2020,https://census-portal.geo.census.gov/arcgis/home/item.html?id=46a01f88c9874b05945320dffc830dd4,,,0.021689
Arabic4,noura001,529bf6203508408eb12a3c6dd7de45b2,Map Service,,'Arabic',private,False,False,'Favorites - Mehrshad Nourani',3,06/22/2020,https://census-portal.geo.census.gov/arcgis/home/item.html?id=529bf6203508408eb12a3c6dd7de45b2,,,7.9e-05
principal_city_cbsa_pop10,noura001,35af5498e1d4429d91eb184fd3f8a1ab,Feature Service,,'principal_city_cbsa_pop10',private,False,False,,16,05/07/2020,https://census-portal.geo.census.gov/arcgis/home/item.html?id=35af5498e1d4429d91eb184fd3f8a1ab,,,15.18736
BCU Web Map,morit003,6ec614811ec34396a3848e94e3edfc97,Web Map,,"'BCU', 'vintage 73', 'bas20'",shared,False,False,'GEO-CPSB',15,06/04/2020,https://census-portal.geo.census.gov/arcgis/home/item.html?id=6ec614811ec34396a3848e94e3edfc97,thumbnail/ago_downloaded.png,,0.0007
BCU Search Application,morit003,25ea11ff029844cb89b92575a82a632d,Web Mapping Application,,"'BCU', 'vintage 73', 'bas20'",shared,False,False,'GEO-CPSB',21,06/04/2020,https://census-portal.geo.census.gov/arcgis/home/item.html?id=25ea11ff029844cb89b92575a82a632d,thumbnail/ago_downloaded.png,,0.00734
AdCan_BCU,morit003,a9889d585bc44b35afbf9894ce87a558,Map Service,,"'AdCan', 'BCU'",public,True,True,,0,04/27/2020,https://census-portal.geo.census.gov/arcgis/home/item.html?id=a9889d585bc44b35afbf9894ce87a558,thumbnail/thumbnail.JPEG,,8.3e-05
Voting Districts Program Status,mcard001,dfd591728f744e36b14c795925b1cfae,Web Mapping Application,,"'VTD', 'Voting Districts', 'deploy_VTD', 'export1582247578', 'export1583364894', 'DR', 'export1588182888'",public,True,True,,246,04/29/2020,https://census-portal.geo.census.gov/arcgis/home/item.html?id=dfd591728f744e36b14c795925b1cfae,,,0.001358
Current Surveys,hollo330,0a482d12b09c4021bec8fdf749a30214,Dashboard,,'current surveys',shared,False,False,'ADFO',7,06/25/2020,https://census-portal.geo.census.gov/arcgis/home/item.html?id=0a482d12b09c4021bec8fdf749a30214,thumbnail/ago_downloaded.png,,0.0022530000000000002
Metrics Mapper,hollo330,9189bbabc80a44058115813171020156,Web Map,,"'dfqm', 'metrics'",shared,False,False,'ADFO',56,05/28/2020,https://census-portal.geo.census.gov/arcgis/home/item.html?id=9189bbabc80a44058115813171020156,thumbnail/ago_downloaded.png,,0.011538999999999999
UL Outliers v3,hollo330,a587ad30b8e74c49bb26fa069f678c69,Feature Service,,"'UL', 'outliers', 'dfqm'",shared,False,False,'ADFO',324,06/15/2020,https://census-portal.geo.census.gov/arcgis/home/item.html?id=a587ad30b8e74c49bb26fa069f678c69,thumbnail/thumbnail.JPEG,,1.577127
CFM_203_UL,hollo330,4fc3c6615ca7431ea40b07887f06cb1d,Feature Service,,"'cfm', 'ul', '203', 'hollowood_export'",shared,False,False,'ADFO',73,05/28/2020,https://census-portal.geo.census.gov/arcgis/home/item.html?id=4fc3c6615ca7431ea40b07887f06cb1d,thumbnail/thumbnail.JPEG,,0.0
Community GIS Portal FAQ,haile006,055d1019d2064722b3c6a8aa1f402153,Web Mapping Application,,"'community', 'gis', 'portal', 'faq', 'questions', 'frequently asked questions'",public,True,True,'Esri On-Site Team',188,05/06/2020,https://census-portal.geo.census.gov/arcgis/home/item.html?id=055d1019d2064722b3c6a8aa1f402153,thumbnail/ago_downloaded.png,"<span style='color: rgb(32, 31, 30); font-family: Calibri, Helvetica, sans-serif; font-size: 16px;'>This story map provides useful information on common user questions and how to get things done using the Community GIS Portal. </span>",1.518644
RCC,hollo330,bcf5e2dd1f744b30b6f259a2f048d0f2,Feature Service,,"'rcc', 'hollowood_export'",shared,False,False,'ADFO',70,05/28/2020,https://census-portal.geo.census.gov/arcgis/home/item.html?id=bcf5e2dd1f744b30b6f259a2f048d0f2,thumbnail/thumbnail.JPEG,,0.0
SampleWorldCities,csmb,b475730eb2504251953565c53782df26,WMS,,"'SampleWorldCities', 'WMSServer'",private,False,False,,0,04/09/2020,https://census-portal.geo.census.gov/arcgis/home/item.html?id=b475730eb2504251953565c53782df26,,The SampleWorldCities service is provided so you can quickly and easily preview the functionality of the GIS server. Click the thumbnail image to open in a web application. This sample service is optional and can be deleted.,0.0
Content Migration Survey,shaw0358,3007a9ba5bea4792809167daac384757,Form,,"'content', 'migration', 'survey'",public,True,True,'Esri On-Site Team',1,05/04/2020,https://census-portal.geo.census.gov/arcgis/home/item.html?id=3007a9ba5bea4792809167daac384757,thumbnail/Image02.png,,0.08103700000000001
2020 Life Expectancy at Birth,noura001,74c2858d7f66407b9bc1bbc602473105,Web Map,,'2020 Life Expectancy at Birth',private,False,False,,3,05/08/2020,https://census-portal.geo.census.gov/arcgis/home/item.html?id=74c2858d7f66407b9bc1bbc602473105,,,0.003212
pop_cbsa,noura001,2b858f6ae7814a059aee2b8dde265aec,Shapefile,,'pop_cbsa',private,False,False,,1,05/07/2020,https://census-portal.geo.census.gov/arcgis/home/item.html?id=2b858f6ae7814a059aee2b8dde265aec,,,34.67904
COVID_19_Cases_US_Density,reid0003,693c027518dc4a5f98bffb0aad9db6f6,Feature Service,,"'Analysis Result', 'Calculate Density', 'COVID-19 Cases US'",private,False,False,,7,05/08/2020,https://census-portal.geo.census.gov/arcgis/home/item.html?id=693c027518dc4a5f98bffb0aad9db6f6,thumbnail/ago_downloaded.png,Feature layer generated from running the Calculate Density solution.,0.000987
International Map Viewer,noura001,cb59f9397aff4da6b99398ae420008be,Web Map,,'International Map Viewer',private,False,False,,4,05/08/2020,https://census-portal.geo.census.gov/arcgis/home/item.html?id=cb59f9397aff4da6b99398ae420008be,thumbnail/ago_downloaded.png,,0.010678
Marcus_Test_Counties,reid0003,c494b5127a484df9a2f3380d51330f34,Web Map,,'Covid19',private,False,False,,21,05/06/2020,https://census-portal.geo.census.gov/arcgis/home/item.html?id=c494b5127a484df9a2f3380d51330f34,thumbnail/ago_downloaded.png,,0.011248
Covid_Test_Map,reid0003,b5d01146637646b382f8994566e143bf,Web Mapping Application,,'Death_Rates',private,False,False,,15,05/06/2020,https://census-portal.geo.census.gov/arcgis/home/item.html?id=b5d01146637646b382f8994566e143bf,thumbnail/ago_downloaded.png,,0.001639
Job Loss Rate,noura001,642e09696fc047ae8734c67080bca6cd,Web Map,,"'Week 1', 'Job Loss Rate'",private,False,False,,0,05/14/2020,https://census-portal.geo.census.gov/arcgis/home/item.html?id=642e09696fc047ae8734c67080bca6cd,thumbnail/ago_downloaded.png,,0.008987
Household Pulse Survey for State and Metro-Micro Proportional Value,noura001,8976719def9f4c2ab7300f4ee9515bd7,Web Map,,'HHP CBSA State Week',public,True,True,'DSD-DIS',25,05/27/2020,https://census-portal.geo.census.gov/arcgis/home/item.html?id=8976719def9f4c2ab7300f4ee9515bd7,thumbnail/ago_downloaded.png,,0.007724999999999999
AIANNH Components,hollo330,4cc2aaffeed94147aaf3e23597849a15,Feature Service,,"'aiannh', 'air', 'hollowood_export'",private,False,False,,2,05/28/2020,https://census-portal.geo.census.gov/arcgis/home/item.html?id=4cc2aaffeed94147aaf3e23597849a15,thumbnail/thumbnail.JPEG,,0.0
Current Surveys Operations Viewer ,hollo330,2e063a0a37604649b2b1c282f79f16ac,Web Mapping Application,,"'current surveys', 'hollowood_export', 'export1589809740'",private,False,False,,14,05/18/2020,https://census-portal.geo.census.gov/arcgis/home/item.html?id=2e063a0a37604649b2b1c282f79f16ac,,,0.030349
States Open Status,hollo330,a09cd382132b4906974fd93ca7f628a1,Feature Service,,"'covid19', 'states', 'hollowood_export'",private,False,False,,1,05/28/2020,https://census-portal.geo.census.gov/arcgis/home/item.html?id=a09cd382132b4906974fd93ca7f628a1,thumbnail/thumbnail.JPEG,,0.0
Denver Region UAA by Tract,mckin356,ad2787abeb704261ac0a4433f2fca8ca,Shapefile,,"'Tracts', 'UAA', 'Dallas', 'Denver'",private,False,False,,1,06/08/2020,https://census-portal.geo.census.gov/arcgis/home/item.html?id=ad2787abeb704261ac0a4433f2fca8ca,,,73.04014
Option 1_cbsa_state_union,fosto001,e66b6ad6fd5f4da6926438d1e4b89e3d,Web Map,,"'hhp', 'cbsa'",public,True,True,,54,05/28/2020,https://census-portal.geo.census.gov/arcgis/home/item.html?id=e66b6ad6fd5f4da6926438d1e4b89e3d,thumbnail/ago_downloaded.png,,0.00882
MSA_w_state,fosto001,21a8264fc968428ebb564d8e461704d2,Web Map,,'MSA',org,True,False,'DSD-DIS',13,06/01/2020,https://census-portal.geo.census.gov/arcgis/home/item.html?id=21a8264fc968428ebb564d8e461704d2,thumbnail/ago_downloaded.png,,0.00846
DSD_7th_Floor_2020,noura001,f2e6dd6975a0460d8c38369565e36326,Shapefile,,'mehrshad_7thFl_19',public,True,True,'DSD-DIS',0,06/12/2020,https://census-portal.geo.census.gov/arcgis/home/item.html?id=f2e6dd6975a0460d8c38369565e36326,,,0.19784800000000002
DSD_7th_Floor_2020,noura001,3003e1c1d7d34bd98305a8b9b1055c76,Feature Service,,'mehrshad_7thFl_19',public,True,True,'DSD-DIS',4,06/11/2020,https://census-portal.geo.census.gov/arcgis/home/item.html?id=3003e1c1d7d34bd98305a8b9b1055c76,thumbnail/ago_downloaded.png,,0.0
co_bnd,noura001,ffad8180cac64ea9b71ace1668e20586,Feature Service,,'co_bnd',private,False,False,,16,05/07/2020,https://census-portal.geo.census.gov/arcgis/home/item.html?id=ffad8180cac64ea9b71ace1668e20586,,,47.895607000000005
8th Floor Layout,noura001,4584ea3a36de429eadff15d02658a3b8,Web Map,,"'mehrshad_8thFl_19', 'export1591969003'",private,False,False,,1,06/12/2020,https://census-portal.geo.census.gov/arcgis/home/item.html?id=4584ea3a36de429eadff15d02658a3b8,,,0.00313
HIV 1990s,noura001,5dd7739a21ab4340a96b5bfab9ecfb61,Web Map,,"'mehrshad_hiv', 'export1591969298'",private,False,False,,1,06/12/2020,https://census-portal.geo.census.gov/arcgis/home/item.html?id=5dd7739a21ab4340a96b5bfab9ecfb61,,,0.002852
HIV 2000s,noura001,50953695c53d46339d6b3f8098a3f12b,Web Map,,"'mehrshad_hiv', 'export1591969298'",private,False,False,,1,06/12/2020,https://census-portal.geo.census.gov/arcgis/home/item.html?id=50953695c53d46339d6b3f8098a3f12b,,,0.002851
2010 Population Density by CBSA,noura001,881fad8872f04f608bebd2e6e81e8e05,Web Map,,'2010 Population Density by CBSA',private,False,False,,12,05/07/2020,https://census-portal.geo.census.gov/arcgis/home/item.html?id=881fad8872f04f608bebd2e6e81e8e05,thumbnail/ago_downloaded.png,"This topographic map is designed to be used as a basemap and a reference map.  The map has been compiled by Esri and the ArcGIS user community from a variety of best available sources.  The map is intended to support the ArcGIS Online basemap gallery.  For more details on the map, please visit the <a href='http://goto.arcgisonline.com/maps/World_Topo_Map'>World Topographic Map</a> service description.",0.035202
AdCan_BCU,morit003,4d317e8501314d8dbdb5df4a8b1e5e34,Web Map,,"'AdCan', 'BCU', 'IFAC_AdCan', 'export1563205018', 'DR', 'export1588182888'",public,True,True,,15,04/29/2020,https://census-portal.geo.census.gov/arcgis/home/item.html?id=4d317e8501314d8dbdb5df4a8b1e5e34,,,0.002069
AdCan_State_Proc,morit003,cc78b99b6fce47f8a5f591c414696b13,Web Map,,"'State', 'AdCan', 'IFAC_AdCan', 'export1563205018', 'DR', 'export1588182888'",public,True,True,,14,04/29/2020,https://census-portal.geo.census.gov/arcgis/home/item.html?id=cc78b99b6fce47f8a5f591c414696b13,,,0.0028799999999999997
AdCan_County_Rec,morit003,fe4a30c1d7004b909bece9f3e09cdd20,Web Map,,"'AdCan', 'County', 'IFAC_AdCan', 'export1563205018', 'DR', 'export1588182888'",public,True,True,,12,04/29/2020,https://census-portal.geo.census.gov/arcgis/home/item.html?id=fe4a30c1d7004b909bece9f3e09cdd20,,,0.003313
Language,noura001,c6bbf2a0907c44e4a507f1c4c10860ab,Web Map,,'Language',private,False,False,,0,06/22/2020,https://census-portal.geo.census.gov/arcgis/home/item.html?id=c6bbf2a0907c44e4a507f1c4c10860ab,thumbnail/ago_downloaded.png,,0.0006490000000000001
2020_Collection_Geography_Viewer,morit003,64be694e93324dc8b5c77c67cc0b5e9a,Web Mapping Application,,"'Collection Geographies', '2020', 'CFM', 'CFS', 'ACO', 'RCC', '2020_Collection_Geography_Viewer', 'export1589827946'",public,True,True,,143,05/18/2020,https://census-portal.geo.census.gov/arcgis/home/item.html?id=64be694e93324dc8b5c77c67cc0b5e9a,thumbnail/ago_downloaded.png,"This application was developed to show 2020 collection geography boundaries. Layers include: vintage 73 states, counties, and places; opcode 200 RCCs and ACOs; opcode 206 (NRFU) CFMs and CFSs; opcode 211 (GQ) CFMs and CFSs. This application uses the IFAC Tracker basemap.<div><br /></div><div>All layers are not shown at all scales. Zoom in to see additional layers and their labels.</div><div><br /></div><div>The application is intended for internal use only.</div>",0.156145
2020_Collection_Geography_Viewer_wBCU,morit003,4598b9b351634b119d45542fa2dcae7b,Web Map,,'2020_Collection_Geography_Viewer',public,True,True,,125,05/22/2020,https://census-portal.geo.census.gov/arcgis/home/item.html?id=4598b9b351634b119d45542fa2dcae7b,thumbnail/ago_downloaded.png,,0.06597199999999999
States,haile006,51e93ab9236d443daec6d861b7cbfd62,Feature Service,,"'hhs', 'states', 'readiness'",private,False,False,,3,06/25/2020,https://census-portal.geo.census.gov/arcgis/home/item.html?id=51e93ab9236d443daec6d861b7cbfd62,thumbnail/ago_downloaded.png,,8.400000000000001e-05
FSA,hollo330,0af3046baf3045cb96be15eca8a3b341,Feature Service,,"'fsa', 'hollowood_export'",shared,False,False,'ADFO',15,05/28/2020,https://census-portal.geo.census.gov/arcgis/home/item.html?id=0af3046baf3045cb96be15eca8a3b341,thumbnail/thumbnail.JPEG,,0.0
RO,hollo330,d110a838e6ea4fd2924dcada9ab14b12,Feature Service,,"'ro', 'hollowood_export'",shared,False,False,'ADFO',15,05/28/2020,https://census-portal.geo.census.gov/arcgis/home/item.html?id=d110a838e6ea4fd2924dcada9ab14b12,thumbnail/thumbnail.JPEG,,0.0
SampleWorldCities,csmb,54e598ca55724aa791ab8046e1a33d26,Map Service,,"'SampleWorldCities', 'MapServer'",private,False,False,,0,04/09/2020,https://census-portal.geo.census.gov/arcgis/home/item.html?id=54e598ca55724aa791ab8046e1a33d26,,The SampleWorldCities service is provided so you can quickly and easily preview the functionality of the GIS server. Click the thumbnail image to open in a web application. This sample service is optional and can be deleted.,8.5e-05
2020 Population,noura001,14a73b28348440c099495985ffe56f7f,Web Map,,'2020 Population',private,False,False,,6,05/11/2020,https://census-portal.geo.census.gov/arcgis/home/item.html?id=14a73b28348440c099495985ffe56f7f,,,0.008935
Join_Features_to_imv_gdb___countries_clean,noura001,a18ab2923de14296852a45c83ffea3ac,Feature Service,,"'Analysis Result', 'Join Features'",private,False,False,,5,05/11/2020,https://census-portal.geo.census.gov/arcgis/home/item.html?id=a18ab2923de14296852a45c83ffea3ac,thumbnail/ago_downloaded.png,Feature layer generated from running the Join Features solution,0.001338
imv query and labels,noura001,e1ac933bada64663a4404a76b54e51cb,Web Map,,"'https://gis.dev.geo.census.gov/arcgis/rest/services/imv/basemap_blue/MapServer', 'imv query and labels'",private,False,False,,0,05/08/2020,https://census-portal.geo.census.gov/arcgis/home/item.html?id=e1ac933bada64663a4404a76b54e51cb,,,0.000638
Growth Rate,noura001,136f3e8c98e4413eab04f33003097518,Web Map,,'Growth Rate',private,False,False,,3,05/11/2020,https://census-portal.geo.census.gov/arcgis/home/item.html?id=136f3e8c98e4413eab04f33003097518,,,0.009574999999999998
Aggregation_of_US_Nursing_Homes_to_JHU_Centers_for_Civic_Impact_Covid_19_County_Cases,reid0003,a96a4fee9b59404e97897e40734fe549,Feature Service,,"'Analysis Result', 'Aggregate Points', 'US Nursing Homes', 'JHU Centers for Civic Impact Covid-19 County Cases (Daily Update)'",private,False,False,,3,05/13/2020,https://census-portal.geo.census.gov/arcgis/home/item.html?id=a96a4fee9b59404e97897e40734fe549,thumbnail/ago_downloaded.png,Feature layer generated from running the Aggregate Points solutions. Points from US Nursing Homes were aggregated to JHU Centers for Civic Impact Covid-19 County Cases (Daily Update),0.001324
Hot_Spots_Population_Aged_65_to_69,reid0003,9bfe4f570bfe498d9fb3db411ce337e8,Feature Service,,"'Analysis Result', 'Hot Spots', 'JHU Centers for Civic Impact Covid-19 County Cases (Daily Update)', 'Age_65_69'",private,False,False,,10,05/08/2020,https://census-portal.geo.census.gov/arcgis/home/item.html?id=9bfe4f570bfe498d9fb3db411ce337e8,,<b>The following report outlines the workflow used to optimize your Find Hot Spots result:</b><br /><ul><li>There were 202 valid input features.</li></ul><ul><li>AGE_65_69 Properties:</li></ul><table style='width: 200px;margin-left: 2.5em;border: none;'><tbody><tr><td style='border: none;'>Min</td><td style='float:right;border: none;'>1.6962</td></tr><tr><td style='border: none;'>Max</td><td style='float: right;border: none;'>6.1256</td></tr><tr><td style='border: none;'>Mean</td><td style='float: right;border: none;'>2.6495</td></tr><tr><td style='border: none;'>Std. Dev.</td><td style='float: right;border: none;'>0.6622</td></tr></tbody></table><br /><ul><li>There were no locational outliers.</li></ul><u><b>Scale of Analysis</b></u><br /><ul><li>The optimal fixed distance band selected was based on peak clustering found at 212138.6234 Meters.</li></ul><br /><u><b>Hot Spot Analysis</b></u><br /><ul><li>There are 149 output features statistically significant based on a FDR correction for multiple testing and spatial dependence.</li></ul><br /><u><b>Output</b></u><br /><ul><li>Red output features represent hot spots where high AGE_65_69 values cluster.</li></ul><ul><li>Blue output features represent cold spots where low AGE_65_69 values cluster.</li></ul><br />,0.0010249999999999999
Content Migration Survey_stakeholder,shaw0358,61e648cb728e452593d110cb8589f3ed,Feature Service,,,shared,False,False,'Esri On-Site Team',2,05/05/2020,https://census-portal.geo.census.gov/arcgis/home/item.html?id=61e648cb728e452593d110cb8589f3ed,,,0.0
HHP_Week_1,noura001,8b428358a5d847d4ad258abfdc9dee5d,Feature Service,,'HHP_Week_1',private,False,False,,23,05/14/2020,https://census-portal.geo.census.gov/arcgis/home/item.html?id=8b428358a5d847d4ad258abfdc9dee5d,,,1.081289
HHP_Week_2,noura001,09dd194f51bf4faa8a84ca2b9f4fd416,Shapefile,,'HHP_Week_2',private,False,False,,1,05/14/2020,https://census-portal.geo.census.gov/arcgis/home/item.html?id=09dd194f51bf4faa8a84ca2b9f4fd416,,,1.081515
Household Pulse Survey,noura001,282f48cf52af40d39bd57251e54d4c66,Web Mapping Application,,'Household Pulse Survey',private,False,False,,29,05/14/2020,https://census-portal.geo.census.gov/arcgis/home/item.html?id=282f48cf52af40d39bd57251e54d4c66,thumbnail/ago_downloaded.png,,0.029765999999999997
WFS_7th_gis-server,fosto001,ae91cd7d5392416d8f786ed6513c1afc,Web Map,,"'7th floor seating', 'migration0514', 'export1589825537'",private,False,False,,2,05/18/2020,https://census-portal.geo.census.gov/arcgis/home/item.html?id=ae91cd7d5392416d8f786ed6513c1afc,,,0.000627
HHP_Hosted,noura001,55bc18c4c43a46a7a78f3af3d0e10762,Web Map,,'HHP_Hosted',private,False,False,,0,05/14/2020,https://census-portal.geo.census.gov/arcgis/home/item.html?id=55bc18c4c43a46a7a78f3af3d0e10762,thumbnail/ago_downloaded.png,,0.034156
Community Portal Training Feedback_stakeholder,shaw0358,c182adf0e08746bea4fdec3ab0315c27,Feature Service,,,shared,False,False,'Esri On-Site Team',0,06/03/2020,https://census-portal.geo.census.gov/arcgis/home/item.html?id=c182adf0e08746bea4fdec3ab0315c27,,,0.0
cbsa_st_week,noura001,3e1cced8cc76452184e624124aa4b9ba,Map Service,,'cbsa_st_week',private,False,False,,16,05/28/2020,https://census-portal.geo.census.gov/arcgis/home/item.html?id=3e1cced8cc76452184e624124aa4b9ba,thumbnail/ago_downloaded.png,cbsa Top15 Weeks 1 and 2,8.3e-05
Community Portal Training Feedback,shaw0358,acf17e3ead9f4effb7f79132b7b94e07,Form,,"'Training', 'Feedback', 'Portal'",public,True,True,'Esri On-Site Team',1,04/30/2020,https://census-portal.geo.census.gov/arcgis/home/item.html?id=acf17e3ead9f4effb7f79132b7b94e07,thumbnail/Image03.png,,0.072275
Continental_Divide,hanst002,47fbbce48a7d4365b525c1d51d2650fd,Layer,,'Continental Divide',org,True,False,,2,06/01/2020,https://census-portal.geo.census.gov/arcgis/home/item.html?id=47fbbce48a7d4365b525c1d51d2650fd,,,0.015359999999999999
VotingDistrictsViewer,mcard001,c5ea1847b142453ebedd7eb5459c8c86,Map Service,,"'VotingDistrictsViewer', 'MapServer'",public,True,True,,5,04/29/2020,https://census-portal.geo.census.gov/arcgis/home/item.html?id=c5ea1847b142453ebedd7eb5459c8c86,thumbnail/thumbnail.JPEG,,9.3e-05
Challenges,hanst002,fbd8c7008d2746c885606450ab931cfa,Map Document,,'Natural Features',org,True,False,'Favorites - Duane Hanstein',2,06/08/2020,https://census-portal.geo.census.gov/arcgis/home/item.html?id=fbd8c7008d2746c885606450ab931cfa,,Physical Challenges of the Denver Region,4.843008
6th Floor App,noura001,0ba86b6b779940e8b6f35a5c3021ac50,Web Mapping Application,,"'mehrshad_6thFlr_19', 'export1591968856'",private,False,False,,3,06/12/2020,https://census-portal.geo.census.gov/arcgis/home/item.html?id=0ba86b6b779940e8b6f35a5c3021ac50,,,0.29652
6th Floor Offices,noura001,0bcbf20ac9654357837eaea5d2ce80af,Shapefile,,'mehrshad_6thFlr_19',private,False,False,,0,06/11/2020,https://census-portal.geo.census.gov/arcgis/home/item.html?id=0bcbf20ac9654357837eaea5d2ce80af,,,0.26560199999999995
8th Floor,noura001,f0e91a3a836f48db97760f5919e13fb5,Web Map,,"'mehrshad_8thFl_19', 'export1591969003'",private,False,False,,4,06/12/2020,https://census-portal.geo.census.gov/arcgis/home/item.html?id=f0e91a3a836f48db97760f5919e13fb5,,,0.009463
8th Floor app,noura001,d599a4d7a76e4ffeaa10a08705c51aef,Web Mapping Application,,"'mehrshad_8thFl_19', 'export1591969003'",private,False,False,,1,06/12/2020,https://census-portal.geo.census.gov/arcgis/home/item.html?id=d599a4d7a76e4ffeaa10a08705c51aef,,,0.30932299999999996
"HIV Incidence Record Count, 2018",noura001,a43dd95e77ef4001a82ecba155d7e5df,Web Map,,"'mehrshad_hiv', 'export1591969298'",private,False,False,,1,06/12/2020,https://census-portal.geo.census.gov/arcgis/home/item.html?id=a43dd95e77ef4001a82ecba155d7e5df,,,0.002968
2019 Total Population,noura001,6989e47f967d46618beefee6b5dee7d2,Web Map,,"'mehrshad_imv', 'export1591969148'",private,False,False,,1,06/12/2020,https://census-portal.geo.census.gov/arcgis/home/item.html?id=6989e47f967d46618beefee6b5dee7d2,,,0.003714
HIV 2010s,noura001,e2ea18399c464fc68e588cbdd5e66b64,Web Map,,"'mehrshad_hiv', 'export1591969298'",private,False,False,,1,06/12/2020,https://census-portal.geo.census.gov/arcgis/home/item.html?id=e2ea18399c464fc68e588cbdd5e66b64,,,0.002991
8th Floor Offices,noura001,bdc6f7ba88e8409887e07268eadb89a6,Shapefile,,'mehrshad_8thFl_19',private,False,False,,1,06/11/2020,https://census-portal.geo.census.gov/arcgis/home/item.html?id=bdc6f7ba88e8409887e07268eadb89a6,,,0.36517700000000003
HIV 1980s,noura001,0b7173ea6bf0479ab3c8a527d90de065,Web Map,,"'mehrshad_hiv', 'export1591969298'",private,False,False,,1,06/12/2020,https://census-portal.geo.census.gov/arcgis/home/item.html?id=0b7173ea6bf0479ab3c8a527d90de065,,,0.002936
UL_Outliers,hollo330,1c1917d2423746b2a4181bc71d786d60,Feature Service,,"'UL', 'outliers', 'NRFU'",shared,False,False,'ADFO',21,06/13/2020,https://census-portal.geo.census.gov/arcgis/home/item.html?id=1c1917d2423746b2a4181bc71d786d60,thumbnail/thumbnail.JPEG,This feature layer is published by and for DFQM analysis and investigation.  It will be the shell for the outlier metrics that will be updated on a daily basis during the NRFU operation.  This is for internal use only. ,67.670147
7thFloorOffice,noura001,be3865adf2e344229853bbd14f1061fe,Shapefile,,'mehrshad_7thFl_19',public,True,True,'DSD-DIS',0,06/12/2020,https://census-portal.geo.census.gov/arcgis/home/item.html?id=be3865adf2e344229853bbd14f1061fe,,,0.188138
7th Floor Layout,noura001,97b82472b61c49f49cdab4716b9c1ce9,Shapefile,,'mehrshad_7thFl_19',public,True,True,'DSD-DIS',0,06/11/2020,https://census-portal.geo.census.gov/arcgis/home/item.html?id=97b82472b61c49f49cdab4716b9c1ce9,,,0.723234
Fire Monitor,noura001,56a182740e44405996f7d6bd01d67c4e,Shapefile,,'mehrshad_7thFl_19',public,True,True,'DSD-DIS',1,06/11/2020,https://census-portal.geo.census.gov/arcgis/home/item.html?id=56a182740e44405996f7d6bd01d67c4e,,,0.02465
AdCan_State_Proc,morit003,588909c6be07441aaf392df1e92c59a9,Map Service,,"'AdCan_State_Proc', 'MapServer'",public,True,True,,0,04/28/2020,https://census-portal.geo.census.gov/arcgis/home/item.html?id=588909c6be07441aaf392df1e92c59a9,thumbnail/thumbnail.JPEG,,8.999999999999999e-05
2019 Demographic Layers,noura001,868243c76c9245b2b7f35b68da8f755f,Web Map,,"'mehrshad_imv', 'export1591969148'",private,False,False,,8,06/12/2020,https://census-portal.geo.census.gov/arcgis/home/item.html?id=868243c76c9245b2b7f35b68da8f755f,thumbnail/ago_downloaded.png,,0.011125999999999999
PES_BCU_Search_WebMap,morit003,42a94045b8c14448969f4b4a2387ef39,Web Map,,"'PES', 'BCU', 'PES_BCU_deploy', 'export1563901846', 'export1564654248', 'DR2', 'export1588182888'",public,True,True,,247,04/29/2020,https://census-portal.geo.census.gov/arcgis/home/item.html?id=42a94045b8c14448969f4b4a2387ef39,,,0.0029820000000000003
Voting Districts Program Status - Automated,mcard001,780c68e3cb5649718e300e4269cdea08,Web Map,,"'Voting Districts', 'VTD', 'deploy_VTD', 'export1582247578', 'export1583364894', 'DR2', 'export1588182888'",public,True,True,,244,04/29/2020,https://census-portal.geo.census.gov/arcgis/home/item.html?id=780c68e3cb5649718e300e4269cdea08,,,0.003984
Audit_Data,haile006,57e63a94478842bda56469f66db145ed,Map Service,,'audit',shared,False,False,'Esri On-Site Team',250,06/10/2020,https://census-portal.geo.census.gov/arcgis/home/item.html?id=57e63a94478842bda56469f66db145ed,thumbnail/thumbnail.JPEG,,7.8e-05
ACO_200,hollo330,17ca5e7b2ee3402fb3f4470066c6fd1f,Feature Service,,"'aco', 'hollowood_export'",shared,False,False,'ADFO',70,05/28/2020,https://census-portal.geo.census.gov/arcgis/home/item.html?id=17ca5e7b2ee3402fb3f4470066c6fd1f,thumbnail/thumbnail.JPEG,,0.0
CFS Boundaries,hollo330,ccf982daea2a4dca9a542d83c64d4e49,Feature Service,,"'cfs', 'ul', 'hollowood_export'",shared,False,False,'ADFO',70,05/28/2020,https://census-portal.geo.census.gov/arcgis/home/item.html?id=ccf982daea2a4dca9a542d83c64d4e49,thumbnail/thumbnail.JPEG,,0.0
basemap_blue_water,noura001,099737613caa47e4b2d973a8d83e1419,Web Map,,'basemap_blue_water',private,False,False,,0,05/08/2020,https://census-portal.geo.census.gov/arcgis/home/item.html?id=099737613caa47e4b2d973a8d83e1419,,,0.000678
basmap_blue_water,noura001,51be26421f2e44a99324b51de99ac01a,Web Map,,'basmap_blue_water',private,False,False,,0,05/08/2020,https://census-portal.geo.census.gov/arcgis/home/item.html?id=51be26421f2e44a99324b51de99ac01a,thumbnail/ago_downloaded.png,,0.00041099999999999996
co_19,noura001,445db8eed1ee417f8b185c5f5efa7c86,Feature Service,,'co_19',private,False,False,,2,05/07/2020,https://census-portal.geo.census.gov/arcgis/home/item.html?id=445db8eed1ee417f8b185c5f5efa7c86,,,3.252416
co_19,noura001,3e2c2e95a4d0498ba428c547c2dfe782,Shapefile,,'co_19',private,False,False,,1,05/07/2020,https://census-portal.geo.census.gov/arcgis/home/item.html?id=3e2c2e95a4d0498ba428c547c2dfe782,,,3.252416
2020 Infant Mortality Rate,noura001,45e73dfa5c6e4310986c9dc58f811887,Web Map,,'2020 Infant Mortality Rate',private,False,False,,3,05/08/2020,https://census-portal.geo.census.gov/arcgis/home/item.html?id=45e73dfa5c6e4310986c9dc58f811887,thumbnail/ago_downloaded.png,,0.0032069999999999998
Countries_clean_gen_2019,noura001,cb280e2a7d7a4d6e94a737632e6c31a9,Feature Service,,'Countries_clean_gen_2019',private,False,False,,6,05/11/2020,https://census-portal.geo.census.gov/arcgis/home/item.html?id=cb280e2a7d7a4d6e94a737632e6c31a9,thumbnail/ago_downloaded.png,,8.730699000000001
imv_gdb,noura001,c6c429cbfc254d35ad4d416a6a055e13,File Geodatabase,,'imv_gdb',private,False,False,,1,05/11/2020,https://census-portal.geo.census.gov/arcgis/home/item.html?id=c6c429cbfc254d35ad4d416a6a055e13,,,11.435908999999999
Hot_Spots_County_Fatality_Rate,reid0003,2fd29268123b4caeb246ca2d60eea450,Feature Service,,"'Analysis Result', 'Hot Spots', 'JHU Centers for Civic Impact Covid-19 County Cases (Daily Update)', 'FatalityRa'",private,False,False,,27,05/06/2020,https://census-portal.geo.census.gov/arcgis/home/item.html?id=2fd29268123b4caeb246ca2d60eea450,thumbnail/ago_downloaded.png,<b>The following report outlines the workflow used to optimize your Find Hot Spots result:</b><br /><ul><li>There were 232 valid input features.</li></ul><ul><li>FATALITYRA Properties:</li></ul><table style='width: 200px;margin-left: 2.5em;border: none;'><tbody><tr><td style='border: none;'>Min</td><td style='float:right;border: none;'>0.0000</td></tr><tr><td style='border: none;'>Max</td><td style='float: right;border: none;'>25.0000</td></tr><tr><td style='border: none;'>Mean</td><td style='float: right;border: none;'>3.1806</td></tr><tr><td style='border: none;'>Std. Dev.</td><td style='float: right;border: none;'>3.7832</td></tr></tbody></table><br /><ul><li>There were no locational outliers.</li></ul><u><b>Scale of Analysis</b></u><br /><ul><li>The optimal fixed distance band selected was based on peak clustering found at 212560.9478 Meters.</li></ul><br /><u><b>Hot Spot Analysis</b></u><br /><ul><li>There are 134 output features statistically significant based on a FDR correction for multiple testing and spatial dependence.</li></ul><br /><u><b>Output</b></u><br /><ul><li>Red output features represent hot spots where high FATALITYRA values cluster.</li></ul><ul><li>Blue output features represent cold spots where low FATALITYRA values cluster.</li></ul><br />,0.000993
imv,noura001,2fbfb699279a46298335af91eb37d1a8,Map Service,,"'U.S. Census Bureau', 'International Data Base', 'IDB', '2020'",private,False,False,,5,05/08/2020,https://census-portal.geo.census.gov/arcgis/home/item.html?id=2fbfb699279a46298335af91eb37d1a8,thumbnail/ago_downloaded.png,"Global national 2020 demographic indicators for the world’s countries with a minimum population of 5,000 in 2020: total population, growth rate percent, life expectancy at birth, and infant mortality rate.

The values are from the U.S. Census Bureau International Data Base (IDB). Total population is for both sexes and all age ranges combined. Growth rate percent is the percent change in population during 2020 resulting from births, deaths, and international migration. This rate may be positive or negative. Life expectancy in years at birth for both sexes. Infant mortality rate is the number of deaths of infants under 1 year of age for both sexes per every 1,000 live births.",6.900000000000001e-05
Content Migration Survey,shaw0358,8834cc516e9e4a639102010fe57e9604,Feature Service,,,shared,False,False,'Esri On-Site Team',29,05/04/2020,https://census-portal.geo.census.gov/arcgis/home/item.html?id=8834cc516e9e4a639102010fe57e9604,,,0.084772
IMV,noura001,6dfdd5e7898c4717b447ac0e8bf16f59,Web Map,,'IMV',private,False,False,,0,05/19/2020,https://census-portal.geo.census.gov/arcgis/home/item.html?id=6dfdd5e7898c4717b447ac0e8bf16f59,thumbnail/ago_downloaded.png,"This topographic map is designed to be used as a basemap and a reference map.  The map has been compiled by Esri and the ArcGIS user community from a variety of best available sources.  The map is intended to support the ArcGIS Online basemap gallery.  For more details on the map, please visit the <a href='http://goto.arcgisonline.com/maps/World_Topo_Map'>World Topographic Map</a> service description.",0.0008169999999999999
Content Migration Survey_fieldworker,shaw0358,e8afc1be7d4b441fae00583fef89e7c4,Feature Service,,,public,True,True,,2,05/04/2020,https://census-portal.geo.census.gov/arcgis/home/item.html?id=e8afc1be7d4b441fae00583fef89e7c4,,,0.0
Counties,hollo330,f1eb26e676484a22b857d77526d13c48,Feature Service,,"'counties', 'hollowood_export'",private,False,False,,0,05/28/2020,https://census-portal.geo.census.gov/arcgis/home/item.html?id=f1eb26e676484a22b857d77526d13c48,thumbnail/thumbnail.JPEG,,0.0
cities,li000341,802046bbbde643b29ab7f4762f4b9291,Feature Service,,'li_test',private,False,False,,0,05/28/2020,https://census-portal.geo.census.gov/arcgis/home/item.html?id=802046bbbde643b29ab7f4762f4b9291,thumbnail/thumbnail.JPEG,,0.0
Community Portal Training Feedback_fieldworker,shaw0358,dc3970617e55452ba35f6c8c16f99513,Feature Service,,,shared,False,False,'Esri On-Site Team',0,04/30/2020,https://census-portal.geo.census.gov/arcgis/home/item.html?id=dc3970617e55452ba35f6c8c16f99513,,,0.0
2020_Collection_Geography_Viewer,morit003,200fe64f22f1426f9f5f34f5ec886b26,Web Map,,"'2020 Census', 'Collection Geographies', '2020_Collection_Geography_Viewer', 'export1589827946'",public,True,True,,26,05/18/2020,https://census-portal.geo.census.gov/arcgis/home/item.html?id=200fe64f22f1426f9f5f34f5ec886b26,,,0.067466
CBSA and State Week,noura001,84bb6ac205a9452980c91c89340f3477,Web Mapping Application,,'CBSA and State Week',private,False,False,,3,06/01/2020,https://census-portal.geo.census.gov/arcgis/home/item.html?id=84bb6ac205a9452980c91c89340f3477,thumbnail/ago_downloaded.png,,0.0028490000000000004
Option 3_cbsa_graduated_symbol,fosto001,33877483f7d342dfaab26d88960efab4,Web Map,,"'cbsa', 'hhp'",public,True,True,,51,05/28/2020,https://census-portal.geo.census.gov/arcgis/home/item.html?id=33877483f7d342dfaab26d88960efab4,thumbnail/ago_downloaded.png,,0.033758
CBSA and State Week,noura001,11d732ea453f4aef87efd7dc441e3b1e,Web Map,,'CBSA and State Week',private,False,False,,9,06/01/2020,https://census-portal.geo.census.gov/arcgis/home/item.html?id=11d732ea453f4aef87efd7dc441e3b1e,thumbnail/ago_downloaded.png,,0.008218999999999999
2020 Mail Contact Strategy,degen300,585d40aed5c940268f079e164885d438,Map Service,,"'2020 Mail Contact Strategy', '2020 Census'",public,True,True,,5,05/22/2020,https://census-portal.geo.census.gov/arcgis/home/item.html?id=585d40aed5c940268f079e164885d438,thumbnail/thumbnail1590158671396.png,"<div style='text-align:Left;font-size:12pt'><p><span style='display: inline !important; float: none; background-color: rgb(255, 255, 255); color: rgb(76, 76, 76); font-family: &quot;Avenir Next W01&quot;,&quot;Avenir Next W00&quot;,&quot;Avenir Next&quot;,&quot;Avenir&quot;,&quot;Helvetica Neue&quot;,sans-serif; font-size: 16px; font-style: normal; font-variant: normal; font-weight: 400; letter-spacing: normal; orphans: 2; overflow-wrap: break-word; text-align: left; text-decoration: none; text-indent: 0px; text-transform: none; -webkit-text-stroke-width: 0px; white-space: normal; word-spacing: 0px;'>Mail Contact Strategy Map Image Layer that is used in the public &quot;2020 Census: Mail Contact Strategies Viewer&quot;</span></p><p><span style='display: inline !important; float: none; background-color: rgb(255, 255, 255); color: rgb(76, 76, 76); font-family: &quot;Avenir Next W01&quot;,&quot;Avenir Next W00&quot;,&quot;Avenir Next&quot;,&quot;Avenir&quot;,&quot;Helvetica Neue&quot;,sans-serif; font-size: 16px; font-style: normal; font-variant: normal; font-weight: 400; letter-spacing: normal; orphans: 2; overflow-wrap: break-word; text-align: left; text-decoration: none; text-indent: 0px; text-transform: none; -webkit-text-stroke-width: 0px; white-space: normal; word-spacing: 0px;'>The data is visible from map scales of 1:2,311,162 to 1:4,000.</span></p><p><span style='display: inline !important; float: none; background-color: rgb(255, 255, 255); color: rgb(76, 76, 76); font-family: &quot;Avenir Next W01&quot;,&quot;Avenir Next W00&quot;,&quot;Avenir Next&quot;,&quot;Avenir&quot;,&quot;Helvetica Neue&quot;,sans-serif; font-size: 16px; font-style: normal; font-variant: normal; font-weight: 400; letter-spacing: normal; orphans: 2; overflow-wrap: break-word; text-align: left; text-decoration: none; text-indent: 0px; text-transform: none; -webkit-text-stroke-width: 0px; white-space: normal; word-spacing: 0px;'>Contact CPSB for more information.</span></p></div>",9.4e-05
CFS Metrics 20200319v2,hollo330,c4d3f5dfbee24339a7fc76dd9ad3f5b9,Feature Service,,"'cfs', 'metric', 's', 'hollowood_export', 'li_test'",shared,False,False,'ADFO',10,05/28/2020,https://census-portal.geo.census.gov/arcgis/home/item.html?id=c4d3f5dfbee24339a7fc76dd9ad3f5b9,thumbnail/thumbnail.JPEG,,0.0
CFS_203_UL_Workload,hollo330,13ec40b3b3104196b76d8c635efcd751,Feature Service,,"'cfs', 'ul', '203', 'workload', 'hollowood_export'",private,False,False,,3,05/28/2020,https://census-portal.geo.census.gov/arcgis/home/item.html?id=13ec40b3b3104196b76d8c635efcd751,thumbnail/thumbnail.JPEG,,0.0
ACO_UL_Workload,hollo330,fa9c33ba02f44f4fb7f8765d1846a91b,Feature Service,,"'ul', 'aco', 'hollowood_export', 'lili_test1'",private,False,False,,1,05/28/2020,https://census-portal.geo.census.gov/arcgis/home/item.html?id=fa9c33ba02f44f4fb7f8765d1846a91b,thumbnail/thumbnail.JPEG,,0.0
2020_Coll_Geo_Viewer,morit003,a9821713a1b043fcaf534648fd0a2e80,Map Service,,"'2020 Census', 'GQ', 'NRFU', 'CFM', 'CFS', 'State', 'County', 'Place', 'ACO', 'RCC'",public,True,True,,1,05/18/2020,https://census-portal.geo.census.gov/arcgis/home/item.html?id=a9821713a1b043fcaf534648fd0a2e80,thumbnail/thumbnail.JPEG,"Layers to support the 2020 Collection Geography Viewer. Layers include GQ (211) and NRFU (206) CFM and CFS, RCC (200), ACO (200), State (73), County (73), and Place (73).",0.000102
Denver Region UAA by Tract,mckin356,8077d6cd000846c1a631eab935f6dcce,Feature Service,,"'Tracts', 'UAA', 'Dallas', 'Denver'",private,False,False,,3,06/08/2020,https://census-portal.geo.census.gov/arcgis/home/item.html?id=8077d6cd000846c1a631eab935f6dcce,thumbnail/ago_downloaded.gif,"This layer is provided for Denver/Dallas region operational staff to view Undeliverable as Addressed (UAA) rates by tracts. This layer also contains information about the Type of Enumeration Area (TEA) makeup of each tract (i.e. all TEA 1, all TEA 6, or a mix of both). <div><br /></div><div>This layer contains both an &quot;expected UAA rate&quot; and &quot;actual UAA rate&quot;. If the actual is lower than the expected rate, this is not a reason for concern. Reasons for a high UAA rate might include: seasonal occupancy, high vacancy rates, low mail delivery, or operational issues (printing or delivery errors).</div>",73.04014
6th Floor Web Map,noura001,c7664e7744464df8bba66989989e9ab5,Web Map,,"'mehrshad_6thFlr_19', 'export1591968856'",private,False,False,,2,06/12/2020,https://census-portal.geo.census.gov/arcgis/home/item.html?id=c7664e7744464df8bba66989989e9ab5,,"This topographic map is designed to be used as a basemap and a reference map.  The map has been compiled by Esri and the ArcGIS user community from a variety of best available sources.  The map is intended to support the ArcGIS Online basemap gallery.  For more details on the map, please visit the <a href='http://goto.arcgisonline.com/maps/World_Topo_Map'>World Topographic Map</a> service description.",0.008506
 HIV and AIDS Record Count,noura001,1642db1055c44a998a5bce9d399787ab,Web Mapping Application,,"'mehrshad_hiv', 'export1591969298'",private,False,False,,1,06/12/2020,https://census-portal.geo.census.gov/arcgis/home/item.html?id=1642db1055c44a998a5bce9d399787ab,,,0.0037170000000000003
HIV 1980s,noura001,8572163329564eca91c05484bffae29b,Web Map,,"'mehrshad_hiv', 'export1591969600'",private,False,False,,2,06/12/2020,https://census-portal.geo.census.gov/arcgis/home/item.html?id=8572163329564eca91c05484bffae29b,,,0.003095
8th Floor Offices,noura001,3da4e99b194041f081f93d8309429049,Shapefile,,'mehrshad_8thFl_19',private,False,False,,1,06/11/2020,https://census-portal.geo.census.gov/arcgis/home/item.html?id=3da4e99b194041f081f93d8309429049,,,1.01586
"DSD 7th Floor, 2020",noura001,5af337f1fe4e4f95897a259f60164848,Web Mapping Application,,"'mehrshad_7thFl_19', 'export1591968620'",public,True,True,'DSD-DIS',10,06/12/2020,https://census-portal.geo.census.gov/arcgis/home/item.html?id=5af337f1fe4e4f95897a259f60164848,,,0.27768099999999996
Groups,haile006,58b180c5eb654db6b897c720d0d3cdc3,Dashboard,,"'item', 'Groups', 'audit', 'metrics'",private,False,False,,9,06/12/2020,https://census-portal.geo.census.gov/arcgis/home/item.html?id=58b180c5eb654db6b897c720d0d3cdc3,,,0.021507000000000002
UL Outliers v2,hollo330,e7726bc78602461eb28d4f2dc10c3171,Feature Service,,"'ul', 'outliers'",org,True,False,'ADFO',13,06/14/2020,https://census-portal.geo.census.gov/arcgis/home/item.html?id=e7726bc78602461eb28d4f2dc10c3171,thumbnail/thumbnail.JPEG,,67.69108
Item,haile006,d4d5bba9821c4fcaab6bd4474bcbc46a,Dashboard,,"'item', 'metrics', 'audit'",shared,False,False,'Esri On-Site Team',33,06/11/2020,https://census-portal.geo.census.gov/arcgis/home/item.html?id=d4d5bba9821c4fcaab6bd4474bcbc46a,,,0.019615999999999998
BASEMAP_2016,mcard001,cf75e98295ce41589367d73ebdc0dfe6,Map Service,,"'BASEMAP_2016', 'MapServer'",public,True,True,,4,04/28/2020,https://census-portal.geo.census.gov/arcgis/home/item.html?id=cf75e98295ce41589367d73ebdc0dfe6,thumbnail/thumbnail.JPEG,,8.5e-05
pop_cbsa,noura001,03b569b17c274f82b9610fdb7084710a,Feature Service,,'pop_cbsa',private,False,False,,16,05/07/2020,https://census-portal.geo.census.gov/arcgis/home/item.html?id=03b569b17c274f82b9610fdb7084710a,,,34.67904
2010 Population by CBSA,noura001,c473decd2a9e4adfbbe7e600e79e1f51,Web Mapping Application,,'2010 Population by CBSA',private,False,False,,12,05/07/2020,https://census-portal.geo.census.gov/arcgis/home/item.html?id=c473decd2a9e4adfbbe7e600e79e1f51,thumbnail/ago_downloaded.png,,0.025885000000000002
PES_BCU_Search,morit003,f3e5eef2ce10403a8eaa4b48242738bb,Map Service,,'PES; BCU;',public,True,True,,31,04/28/2020,https://census-portal.geo.census.gov/arcgis/home/item.html?id=f3e5eef2ce10403a8eaa4b48242738bb,thumbnail/thumbnail.JPEG,"Web Service to support PES BCU searching. Contains state, county and BCU vintage 73 outlines from the BAS19 benchmark. The purpose of the service is to create an internal web mapping application for users to search on an address and zoom to the area to analyze the surrounding BCUs.",8.999999999999999e-05
PES_BCU_Search,morit003,36d713012d434734800b2d81bf17e569,Web Mapping Application,,"'PES', 'BCU', 'Search', 'PES_BCU_deploy', 'export1563901846', 'PES_BCU_deploy1', 'export1564654248', 'DR', 'export1588182888'",public,True,True,,266,04/29/2020,https://census-portal.geo.census.gov/arcgis/home/item.html?id=36d713012d434734800b2d81bf17e569,,,1.168369
dashboard1_test,fosto001,b94da9379b5544788cefab5b6680ccb7,Dashboard,,'test',public,True,True,'DSD-DIS',28,05/06/2020,https://census-portal.geo.census.gov/arcgis/home/item.html?id=b94da9379b5544788cefab5b6680ccb7,thumbnail/ago_downloaded.png,,0.006198
Users,haile006,852dd2252f714c5b80ee30f83825946c,Dashboard,,"'Community GIS Portal', 'audit'",shared,False,False,'Esri On-Site Team',50,06/10/2020,https://census-portal.geo.census.gov/arcgis/home/item.html?id=852dd2252f714c5b80ee30f83825946c,thumbnail/ago_downloaded.png,,0.014288
Current Surveys,hollo330,a09df6a254404f23abc304077c435251,Web Map,,'current surveys',shared,False,False,'ADFO',7,06/25/2020,https://census-portal.geo.census.gov/arcgis/home/item.html?id=a09df6a254404f23abc304077c435251,thumbnail/ago_downloaded.png,,0.026931999999999998
SSFA Boundaries,hollo330,752a585b02a34801812d190b755c9a5c,Feature Service,,"'ssfa', 'current surveys', 'hollowood_export'",shared,False,False,'ADFO',15,05/28/2020,https://census-portal.geo.census.gov/arcgis/home/item.html?id=752a585b02a34801812d190b755c9a5c,thumbnail/thumbnail.JPEG,,0.0
Metrics Mapper,hollo330,0cf7eb47c7fd4215880d962a756d75f0,Dashboard,,"'dfqm', 'metrics'",shared,False,False,'ADFO',31,06/15/2020,https://census-portal.geo.census.gov/arcgis/home/item.html?id=0cf7eb47c7fd4215880d962a756d75f0,thumbnail/ago_downloaded.png,,0.019336
principal_city_cbsa_pop10,noura001,8cbb42185bc140519309f8ad3a99c8c1,Shapefile,,'principal_city_cbsa_pop10',private,False,False,,1,05/07/2020,https://census-portal.geo.census.gov/arcgis/home/item.html?id=8cbb42185bc140519309f8ad3a99c8c1,,,15.18736
co_bnd,noura001,f67e879725ba4964ae679730b0313ca0,Shapefile,,'co_bnd',private,False,False,,1,05/07/2020,https://census-portal.geo.census.gov/arcgis/home/item.html?id=f67e879725ba4964ae679730b0313ca0,,,47.895607000000005
basemap_blue,noura001,b9606a1d043f41d4ac69af630bcbc207,Map Service,,"'U.S. Census Bureau', 'International Data Base', 'IDB'",private,False,False,,1,05/08/2020,https://census-portal.geo.census.gov/arcgis/home/item.html?id=b9606a1d043f41d4ac69af630bcbc207,thumbnail/ago_downloaded.png,"Global national 2015 demographic indicators for the world’s countries with a minimum population of 5,000 in 2015: total population, growth rate percent, life expectancy at birth, and infant mortality rate.

The values are from the U.S. Census Bureau International Data Base (IDB). Total population is for both sexes and all age ranges combined. Growth rate percent is the percent change in population during 2015 resulting from births, deaths, and international migration. This rate may be positive or negative. Life expectancy in years at birth for both sexes. Infant mortality rate is the number of deaths of infants under 1 year of age for both sexes per every 1,000 live births.",7.8e-05
2020 Growth Rate Percent,noura001,25ec893a15094ddf8fb93ac01db9821a,Web Map,,'2020 Growth Rate Percent',private,False,False,,3,05/08/2020,https://census-portal.geo.census.gov/arcgis/home/item.html?id=25ec893a15094ddf8fb93ac01db9821a,,,0.0032029999999999997
survey_0514,shaw0358,92ddceb8a98748cf858627f3c9fa8528,Microsoft Excel,,'survey_0514',private,False,False,,1,05/14/2020,https://census-portal.geo.census.gov/arcgis/home/item.html?id=92ddceb8a98748cf858627f3c9fa8528,,,0.008699
HHP_Week_2,noura001,823c2ce6a39a40eda24b951763ebeb65,Feature Service,,'HHP_Week_2',private,False,False,,23,05/14/2020,https://census-portal.geo.census.gov/arcgis/home/item.html?id=823c2ce6a39a40eda24b951763ebeb65,,,1.081515
HHP,noura001,ce6ede0dc4d9475394dba902f3aa54df,Web Map,,'HHP',private,False,False,,19,05/14/2020,https://census-portal.geo.census.gov/arcgis/home/item.html?id=ce6ede0dc4d9475394dba902f3aa54df,thumbnail/ago_downloaded.png,,0.034156
HHP_Week_1,noura001,9c66996659284cee93a4827c296c358a,Shapefile,,'HHP_Week_1',private,False,False,,1,05/14/2020,https://census-portal.geo.census.gov/arcgis/home/item.html?id=9c66996659284cee93a4827c296c358a,,,1.081289
7th floor_new server8-5,fosto001,8bef596eac2c431fb32bc6908227814d,Web Mapping Application,,"'7th floor', 'migration0514', 'export1589825537'",private,False,False,,3,05/18/2020,https://census-portal.geo.census.gov/arcgis/home/item.html?id=8bef596eac2c431fb32bc6908227814d,,,0.005932000000000001
HHP_Service,noura001,4b1a82292bea4d3e95ddf2fbee093a88,Web Map,,'HHP_Service',private,False,False,,2,05/14/2020,https://census-portal.geo.census.gov/arcgis/home/item.html?id=4b1a82292bea4d3e95ddf2fbee093a88,thumbnail/ago_downloaded.png,,0.025748999999999998
FSA_Workloads_202004_corrected,hollo330,8f6d6374f09b47f8b011eb6bc122d294,Feature Service,,"'fsa', 'current surveys', 'workload', 'hollowood_export'",private,False,False,,0,05/28/2020,https://census-portal.geo.census.gov/arcgis/home/item.html?id=8f6d6374f09b47f8b011eb6bc122d294,thumbnail/thumbnail.JPEG,,0.0
CFS GQ Workload,hollo330,0112e75a84394964b6b52db038b31851,Feature Service,,"'cfs', 'gq', 'workload', 'hollowood_export'",private,False,False,,0,05/28/2020,https://census-portal.geo.census.gov/arcgis/home/item.html?id=0112e75a84394964b6b52db038b31851,thumbnail/thumbnail.JPEG,,0.0
Option 2_cbsa_nat_state 2 layers,fosto001,d0dcde1d1a06478a938f32efef186d65,Web Map,,"'cbsa', 'hhp'",private,False,False,,15,05/28/2020,https://census-portal.geo.census.gov/arcgis/home/item.html?id=d0dcde1d1a06478a938f32efef186d65,thumbnail/ago_downloaded.png,,0.003453
Household Pulse Survey for State and Metro-Mirco Proportional Value,noura001,1db91a6e18e2431fbcd1a097ceffc73a,Web Mapping Application,,'HHP CBSA State Week',public,True,True,'DSD-DIS',26,05/28/2020,https://census-portal.geo.census.gov/arcgis/home/item.html?id=1db91a6e18e2431fbcd1a097ceffc73a,thumbnail/ago_downloaded.png,,0.004646
Household Pulse Survey by State and Metro-Micro Area,noura001,93662a5c1f094bdda497d445772584ba,Web Map,,'HHP CBSA State Week',public,True,True,'DSD-DIS',17,05/28/2020,https://census-portal.geo.census.gov/arcgis/home/item.html?id=93662a5c1f094bdda497d445772584ba,thumbnail/ago_downloaded.png,,0.006046
Community Portal Training Feedback,shaw0358,1708b5fca6f4481a9c8ae542f0b38713,Feature Service,,"'Community GIS Portal', 'Survey', 'Survey Results', 'Training'",shared,False,False,"'Esri On-Site Team', 'Favorites - shaw0358 '",25,04/30/2020,https://census-portal.geo.census.gov/arcgis/home/item.html?id=1708b5fca6f4481a9c8ae542f0b38713,thumbnail/thumbnail1588335197541.png,"<span style='font-family: &quot;Avenir Next W01&quot;, &quot;Avenir Next W00&quot;, &quot;Avenir Next&quot;, Avenir, &quot;Helvetica Neue&quot;, sans-serif; font-size: 16px;'>The survey is presented to users after successfully attending the mandated training. User responses are anonymous. The link to the survey is listed here: </span><a href='https://survey123.arcgis.com/share/acf17e3ead9f4effb7f79132b7b94e07?portalUrl=https://census-portal.geo.census.gov/arcgis'>https://survey123.arcgis.com/share/acf17e3ead9f4effb7f79132b7b94e07?portalUrl=https://census-portal.geo.census.gov/arcgis</a>",0.063198
BCU_73,morit003,dda9519712f249c4a86092a487ec8071,Map Service,,"'bcu', 'bas20', 'vintage 73'",public,True,True,,3,06/05/2020,https://census-portal.geo.census.gov/arcgis/home/item.html?id=dda9519712f249c4a86092a487ec8071,thumbnail/thumbnail.JPEG,,8.8e-05
MSA,fosto001,563cb5d72eff49e2a1660c93611ee06c,Web Map,,'MSA',private,False,False,,12,06/01/2020,https://census-portal.geo.census.gov/arcgis/home/item.html?id=563cb5d72eff49e2a1660c93611ee06c,thumbnail/ago_downloaded.png,,0.007476
6th Floor Offices,noura001,d15f7e407e264748bf66da9972adb948,Feature Service,,'mehrshad_6thFlr_19',private,False,False,,6,06/11/2020,https://census-portal.geo.census.gov/arcgis/home/item.html?id=d15f7e407e264748bf66da9972adb948,thumbnail/ago_downloaded.png,,0.18712399999999998
6th Floor Layout,noura001,883691437d6143c48fff155bfe9e565a,Shapefile,,'mehrshad_6thFlr_19',private,False,False,,0,06/11/2020,https://census-portal.geo.census.gov/arcgis/home/item.html?id=883691437d6143c48fff155bfe9e565a,,,0.819506
8th Floor Offices,noura001,c1701d564ede41a88cd23d2b0d484d8a,Feature Service,,'mehrshad_8thFl_19',private,False,False,,2,06/11/2020,https://census-portal.geo.census.gov/arcgis/home/item.html?id=c1701d564ede41a88cd23d2b0d484d8a,thumbnail/ago_downloaded.png,,0.36517700000000003
6th Floor Layout,noura001,b21e43323f1a42c19a4be1fb26c85982,Web Map,,"'mehrshad_6thFlr_19', 'export1591968856'",private,False,False,,1,06/12/2020,https://census-portal.geo.census.gov/arcgis/home/item.html?id=b21e43323f1a42c19a4be1fb26c85982,,,0.003078
8th Floor Offices,noura001,6b8be181019545c9b3a7e43797244d5f,Web Map,,"'mehrshad_8thFl_19', 'export1591969003'",private,False,False,,1,06/12/2020,https://census-portal.geo.census.gov/arcgis/home/item.html?id=6b8be181019545c9b3a7e43797244d5f,,,0.009463
2019 Life Expectancy at Birth,noura001,fe50fb909e2d46f89dd8126d67110de5,Web Map,,"'mehrshad_imv', 'export1591969148'",private,False,False,,1,06/12/2020,https://census-portal.geo.census.gov/arcgis/home/item.html?id=fe50fb909e2d46f89dd8126d67110de5,,,0.0037440000000000004
IMV,noura001,645bf7d026684ed5ab38a28376d03b39,Web Map,,'IMV',private,False,False,,2,06/16/2020,https://census-portal.geo.census.gov/arcgis/home/item.html?id=645bf7d026684ed5ab38a28376d03b39,thumbnail/ago_downloaded.png,"This topographic map is designed to be used as a basemap and a reference map.  The map has been compiled by Esri and the ArcGIS user community from a variety of best available sources.  The map is intended to support the ArcGIS Online basemap gallery.  For more details on the map, please visit the <a href='http://goto.arcgisonline.com/maps/World_Topo_Map'>World Topographic Map</a> service description.",0.010811
BCU_73_pt,morit003,fee84ed62efb4e7c84797d9d2a6c2d54,Map Service,,"'BCU', 'vintage 73', 'bas20'",public,True,True,,0,06/10/2020,https://census-portal.geo.census.gov/arcgis/home/item.html?id=fee84ed62efb4e7c84797d9d2a6c2d54,thumbnail/thumbnail.JPEG,,9.1e-05
AdCan_County_Rec,morit003,f6dbd5a2b47f4ad1a23cd94b9e35c0ee,Map Service,,"'AdCan_County_Rec', 'MapServer'",public,True,True,,2,04/27/2020,https://census-portal.geo.census.gov/arcgis/home/item.html?id=f6dbd5a2b47f4ad1a23cd94b9e35c0ee,thumbnail/thumbnail.JPEG,,8.999999999999999e-05
AdCan_State_Rec,morit003,645a3872040e41319c457d264f928b8a,Map Service,,"'AdCan_State_Rec', 'MapServer'",public,True,True,,0,04/28/2020,https://census-portal.geo.census.gov/arcgis/home/item.html?id=645a3872040e41319c457d264f928b8a,thumbnail/thumbnail.JPEG,,8.9e-05
AdCan_County_Proc,morit003,c60aa603ea4842c3852cd10c7f3c44c4,Map Service,,"'AdCan_County_Proc', 'MapServer'",public,True,True,,0,04/27/2020,https://census-portal.geo.census.gov/arcgis/home/item.html?id=c60aa603ea4842c3852cd10c7f3c44c4,thumbnail/thumbnail.JPEG,,9.1e-05
Community GIS Portal Auditing Dashboard,haile006,ae1c2bfbee57429ba4ecba760a15e245,Web Mapping Application,,"'Community GIS Portal', 'Auditing', 'Dashboard', 'Users', 'Items'",shared,False,False,'Esri On-Site Team',52,06/16/2020,https://census-portal.geo.census.gov/arcgis/home/item.html?id=ae1c2bfbee57429ba4ecba760a15e245,thumbnail/ago_downloaded.png,,0.0073739999999999995
state_bnd,noura001,f3607cdd961843a0b308787b0e606ebe,Feature Service,,'state_bnd',private,False,False,,16,05/07/2020,https://census-portal.geo.census.gov/arcgis/home/item.html?id=f3607cdd961843a0b308787b0e606ebe,thumbnail/ago_downloaded.png,,8.986049999999999
AdCan_State_Rec,morit003,4f013da1a9684326881ff5d676718430,Web Map,,"'State', 'AdCan', 'IFAC_AdCan', 'export1563205018', 'DR2', 'export1588182888'",public,True,True,,14,04/29/2020,https://census-portal.geo.census.gov/arcgis/home/item.html?id=4f013da1a9684326881ff5d676718430,,,0.0026869999999999997
In-Field Address Canvassing Submission Tracker,morit003,271b1b1233094ebeb5cadf5725d9af6a,Web Mapping Application,,"'AdCan', 'State', 'County', 'IFAC_AdCan', 'export1563205018', 'DR', 'export1588182888'",public,True,True,,20,04/29/2020,https://census-portal.geo.census.gov/arcgis/home/item.html?id=271b1b1233094ebeb5cadf5725d9af6a,,,0.0027890000000000002
AdCan_County_Proc,morit003,b32db82327ad4b3caf48cd72a727e2d8,Web Map,,"'IFAC', 'AdCan', 'IFAC_AdCan', 'export1563205018', 'DR', 'export1588182888'",public,True,True,,11,04/29/2020,https://census-portal.geo.census.gov/arcgis/home/item.html?id=b32db82327ad4b3caf48cd72a727e2d8,,,0.003318
2020_TEA,mcard001,906d323f491149e0992d3d9df1167c22,Map Service,,"'2020_TEA', 'MapServer', '2020 Type of Enumeration Area', 'September 2019'",public,True,True,,5,04/28/2020,https://census-portal.geo.census.gov/arcgis/home/item.html?id=906d323f491149e0992d3d9df1167c22,thumbnail/thumbnail.JPEG,,8.999999999999999e-05
2020_Coll_Geo_Viewer_wBCU,morit003,0b05829f229447ec80ff8f6967d90857,Map Service,,"'2020 Census', 'GQ', 'NRFU', 'CFM', 'CFS', 'BCU', 'State', 'County', 'Place', 'ACO', 'RCC'",public,True,True,,11,05/22/2020,https://census-portal.geo.census.gov/arcgis/home/item.html?id=0b05829f229447ec80ff8f6967d90857,thumbnail/thumbnail.JPEG,"Layers to support the 2020 Collection Geography Viewer. Layers include GQ (211) and NRFU (206) CFM and CFS, RCC (200), ACO (200), BCU (73), State (73), County (73), and Place (73).",0.000107
2020_IFAC_Universe,mcard001,e2b0006591954063a6233cf16305399e,Map Service,,"'2020_IFAC_Universe', 'MapServer'",public,True,True,,2,04/28/2020,https://census-portal.geo.census.gov/arcgis/home/item.html?id=e2b0006591954063a6233cf16305399e,thumbnail/thumbnail.JPEG,,0.0001
IMV,noura001,21cae900124c4dffbffecef690800dd3,Web Mapping Application,,"'mehrshad_imv', 'export1591969148'",private,False,False,,7,06/12/2020,https://census-portal.geo.census.gov/arcgis/home/item.html?id=21cae900124c4dffbffecef690800dd3,,,2.385207
State's readiness to open,haile006,d9e3d159eb67479c9aceb779d221fc21,Web Map,,"'states', 'readiness', 'hhs'",private,False,False,,0,06/25/2020,https://census-portal.geo.census.gov/arcgis/home/item.html?id=d9e3d159eb67479c9aceb779d221fc21,thumbnail/ago_downloaded.png,,0.012579
saipe_test,fosto001,ceb11a68a6f243dca5d39f649bb9974c,Web Map,,'saipe',public,True,True,'DSD-DIS',40,05/05/2020,https://census-portal.geo.census.gov/arcgis/home/item.html?id=ceb11a68a6f243dca5d39f649bb9974c,thumbnail/ago_downloaded.png,,0.00683
